<keymap version="1" name="Windows Proper Redo" parent="$default">
  <action id="$Redo">
    <keyboard-shortcut first-keystroke="shift ctrl z" />
    <keyboard-shortcut first-keystroke="shift alt back_space" />
    <keyboard-shortcut first-keystroke="ctrl y" />
  </action>
  <action id="ChangesView.ToggleCommitUi" />
  <action id="CheckinProject" />
  <action id="CollapseAllRegions">
    <keyboard-shortcut first-keystroke="ctrl m" second-keystroke="ctrl o" />
  </action>
  <action id="CommentByLineComment">
    <keyboard-shortcut first-keystroke="ctrl k" second-keystroke="ctrl c" />
    <keyboard-shortcut first-keystroke="ctrl k" second-keystroke="ctrl u" />
  </action>
  <action id="EditorDeleteLine" />
  <action id="EditorScrollToCenter" />
  <action id="ExpandRegionRecursively">
    <keyboard-shortcut first-keystroke="ctrl m" second-keystroke="ctrl m" />
  </action>
  <action id="Git.Commit.Stage" />
  <action id="GotoDeclaration">
    <keyboard-shortcut first-keystroke="ctrl b" />
    <mouse-shortcut keystroke="control button1" />
    <mouse-shortcut keystroke="button2" />
    <keyboard-shortcut first-keystroke="f12" />
  </action>
  <action id="JumpToLastWindow" />
  <action id="UpdateRunningApplication" />
  <action id="Vcs.ShowMessageHistory" />
  <action id="android.deploy.ApplyChanges">
    <keyboard-shortcut first-keystroke="ctrl f10" />
  </action>
  <action id="android.deploy.CodeSwap">
    <keyboard-shortcut first-keystroke="ctrl alt f10" />
  </action>
</keymap>